{"epoch/epoch":141,"epoch/val_loss":2.101914882659912,"_step":141,"epoch/loss":1.9228428602218628,"epoch/f1_score":0.7965883016586304,"_wandb":{"runtime":124},"epoch/val_f1_score":0.4771428108215332,"epoch/learning_rate":9.94260553852655e-05,"_timestamp":1.7531364896460764e+09,"_runtime":124.076944329}